NetworkLevel,TotalDataVolumeKB,TransferCount,AverageDataSizeKB
TELCO_to_GNB,6678.000000,3339,2.000000
StateEstimation_Output,33500.000000,670,50.000000
StateEstimation_Input,5714.000000,670,8.528358
GNB_to_TELCO,6678.000000,3339,2.000000
PMU_to_GNB,6678.000000,3339,2.000000
TELCO_to_GNB,6678.000000,3339,2.000000
StateEstimation_Output,33500.000000,670,50.000000
StateEstimation_Input,5714.000000,670,8.528358
GNB_to_TELCO,6678.000000,3339,2.000000
PMU_to_GNB,6678.000000,3339,2.000000
